[
  {
    "date": "2024-06-08",
    "amount": 90000,
    "type": "Credit",
    "description": "Salary Credit - Amdocs Private Limited"
  },
  {
    "date": "2024-06-19",
    "amount": -90000,
    "type": "Debit",
    "description": "Cash Withdrawal"
  },
  {
    "date": "2024-07-12",
    "amount": 90000,
    "type": "Credit",
    "description": "Salary Credit - Amdocs Private Limited"
  },
  {
    "date": "2024-07-14",
    "amount": -90000,
    "type": "Debit",
    "description": "Cash Withdrawal"
  },
  {
    "date": "2024-08-10",
    "amount": 90000,
    "type": "Credit",
    "description": "Salary Credit - Amdocs Private Limited"
  },
  {
    "date": "2024-08-17",
    "amount": -90000,
    "type": "Debit",
    "description": "Cash Withdrawal"
  },
  {
    "date": "2024-09-09",
    "amount": 90000,
    "type": "Credit",
    "description": "Salary Credit - Amdocs Private Limited"
  },
  {
    "date": "2024-09-17",
    "amount": -90000,
    "type": "Debit",
    "description": "Cash Withdrawal"
  },
  {
    "date": "2024-10-10",
    "amount": 90000,
    "type": "Credit",
    "description": "Salary Credit - Amdocs Private Limited"
  },
  {
    "date": "2024-10-12",
    "amount": -90000,
    "type": "Debit",
    "description": "Cash Withdrawal"
  },
  {
    "date": "2024-11-11",
    "amount": 90000,
    "type": "Credit",
    "description": "Salary Credit - Amdocs Private Limited"
  },
  {
    "date": "2024-11-19",
    "amount": -90000,
    "type": "Debit",
    "description": "Cash Withdrawal"
  },
  {
    "date": "2024-12-10",
    "amount": 90000,
    "type": "Credit",
    "description": "Salary Credit - Amdocs Private Limited"
  },
  {
    "date": "2024-12-18",
    "amount": -90000,
    "type": "Debit",
    "description": "Cash Withdrawal"
  },
  {
    "date": "2025-01-12",
    "amount": 90000,
    "type": "Credit",
    "description": "Salary Credit - Amdocs Private Limited"
  },
  {
    "date": "2025-01-16",
    "amount": -90000,
    "type": "Debit",
    "description": "Cash Withdrawal"
  },
  {
    "date": "2025-02-06",
    "amount": 90000,
    "type": "Credit",
    "description": "Salary Credit - Amdocs Private Limited"
  },
  {
    "date": "2025-02-12",
    "amount": -90000,
    "type": "Debit",
    "description": "Cash Withdrawal"
  },
  {
    "date": "2025-03-12",
    "amount": 90000,
    "type": "Credit",
    "description": "Salary Credit - Amdocs Private Limited"
  },
  {
    "date": "2025-03-18",
    "amount": -90000,
    "type": "Debit",
    "description": "Cash Withdrawal"
  },
  {
    "date": "2025-04-06",
    "amount": 90000,
    "type": "Credit",
    "description": "Salary Credit - Amdocs Private Limited"
  },
  {
    "date": "2025-04-19",
    "amount": -90000,
    "type": "Debit",
    "description": "Cash Withdrawal"
  },
  {
    "date": "2025-05-11",
    "amount": 90000,
    "type": "Credit",
    "description": "Salary Credit - Amdocs Private Limited"
  },
  {
    "date": "2025-05-15",
    "amount": -90000,
    "type": "Debit",
    "description": "Cash Withdrawal"
  },
  {
    "date": "2025-06-06",
    "amount": 90000,
    "type": "Credit",
    "description": "Salary Credit - Amdocs Private Limited"
  },
  {
    "date": "2025-06-18",
    "amount": -90000,
    "type": "Debit",
    "description": "Cash Withdrawal"
  },
  {
    "date": "2025-07-06",
    "amount": 90000,
    "type": "Credit",
    "description": "Salary Credit - Amdocs Private Limited"
  },
  {
    "date": "2025-07-17",
    "amount": -90000,
    "type": "Debit",
    "description": "Cash Withdrawal"
  },
  {
    "date": "2025-08-07",
    "amount": 90000,
    "type": "Credit",
    "description": "Salary Credit - Amdocs Private Limited"
  },
  {
    "date": "2025-08-17",
    "amount": -90000,
    "type": "Debit",
    "description": "Cash Withdrawal"
  },
  {
    "date": "2025-09-09",
    "amount": 90000,
    "type": "Credit",
    "description": "Salary Credit - Amdocs Private Limited"
  },
  {
    "date": "2025-09-14",
    "amount": -90000,
    "type": "Debit",
    "description": "Cash Withdrawal"
  },
  {
    "date": "2025-10-07",
    "amount": 80000,
    "type": "Credit",
    "description": "Salary Credit - Amdocs Private Limited"
  },
  {
    "date": "2025-10-16",
    "amount": -80000,
    "type": "Debit",
    "description": "Net Banking Transfer - IMPS"
  }
]